name,date,in_time,out_time
John Smith,2025-04-09,17:17:16,18:17:16
John Smith,2025-04-08,09:33:57,10:33:57
John Smith,2025-04-07,17:54:07,18:54:07
John Smith,2025-04-06,07:55:45,08:55:45
John Smith,2025-04-05,07:42:16,08:42:16
John Smith,2025-04-04,07:19:18,08:19:18
John Smith,2025-04-03,17:17:49,18:17:49
Amy Johnson,2025-04-09,17:54:50,18:54:50
Amy Johnson,2025-04-08,09:42:52,10:42:52
Amy Johnson,2025-04-07,07:53:49,08:53:49
Amy Johnson,2025-04-06,09:17:47,10:17:47
Amy Johnson,2025-04-05,17:26:57,18:26:57
Amy Johnson,2025-04-04,17:14:51,18:14:51
Amy Johnson,2025-04-03,07:00:33,08:00:33
Nina Patel,2025-04-09,09:22:12,10:22:12
Nina Patel,2025-04-08,07:56:41,08:56:41
Nina Patel,2025-04-07,09:00:33,10:00:33
Nina Patel,2025-04-06,07:07:32,08:07:32
Nina Patel,2025-04-05,07:38:55,08:38:55
Nina Patel,2025-04-04,07:46:45,08:46:45
Nina Patel,2025-04-03,09:16:18,10:16:18
Arjun Rao,2025-04-09,17:35:18,18:35:18
Arjun Rao,2025-04-08,09:03:37,10:03:37
Arjun Rao,2025-04-07,09:12:39,10:12:39
Arjun Rao,2025-04-06,07:22:40,08:22:40
Arjun Rao,2025-04-05,17:13:23,18:13:23
Arjun Rao,2025-04-04,07:40:37,08:40:37
Arjun Rao,2025-04-03,09:32:55,10:32:55
Kiran Shetty,2025-04-09,07:01:01,08:01:01
Kiran Shetty,2025-04-08,09:56:28,10:56:28
Kiran Shetty,2025-04-07,17:21:37,18:21:37
Kiran Shetty,2025-04-06,07:48:13,08:48:13
Kiran Shetty,2025-04-05,09:34:40,10:34:40
Kiran Shetty,2025-04-04,07:46:39,08:46:39
Kiran Shetty,2025-04-03,07:43:28,08:43:28
Leena Thomas,2025-04-09,17:14:11,18:14:11
Leena Thomas,2025-04-08,09:53:19,10:53:19
Leena Thomas,2025-04-07,09:51:35,10:51:35
Leena Thomas,2025-04-06,17:22:23,18:22:23
Leena Thomas,2025-04-05,17:31:27,18:31:27
Leena Thomas,2025-04-04,09:56:10,10:56:10
Leena Thomas,2025-04-03,17:59:04,18:59:04
Pooja Rani,2025-04-09,07:15:29,08:15:29
Pooja Rani,2025-04-08,07:31:35,08:31:35
Pooja Rani,2025-04-07,07:37:41,08:37:41
Pooja Rani,2025-04-06,09:01:39,10:01:39
Pooja Rani,2025-04-05,09:18:31,10:18:31
Pooja Rani,2025-04-04,09:08:40,10:08:40
Pooja Rani,2025-04-03,07:56:50,08:56:50
Aakash Sinha,2025-04-09,09:19:28,10:19:28
Aakash Sinha,2025-04-08,09:33:20,10:33:20
Aakash Sinha,2025-04-07,09:44:34,10:44:34
Aakash Sinha,2025-04-06,17:40:54,18:40:54
Aakash Sinha,2025-04-05,09:43:27,10:43:27
Aakash Sinha,2025-04-04,09:11:38,10:11:38
Aakash Sinha,2025-04-03,07:24:19,08:24:19
Anjali Mehta,2025-04-09,07:10:13,08:10:13
Anjali Mehta,2025-04-08,09:50:21,10:50:21
Anjali Mehta,2025-04-07,07:02:52,08:02:52
Anjali Mehta,2025-04-06,07:38:39,08:38:39
Anjali Mehta,2025-04-05,07:38:58,08:38:58
Anjali Mehta,2025-04-04,17:53:59,18:53:59
Anjali Mehta,2025-04-03,09:20:13,10:20:13
Sohail Khan,2025-04-09,09:19:58,10:19:58
Sohail Khan,2025-04-08,07:08:09,08:08:09
Sohail Khan,2025-04-07,07:52:39,08:52:39
Sohail Khan,2025-04-06,09:00:36,10:00:36
Sohail Khan,2025-04-05,17:38:54,18:38:54
Sohail Khan,2025-04-04,07:25:21,08:25:21
Sohail Khan,2025-04-03,17:42:42,18:42:42
Deepak Roy,2025-04-09,07:57:45,08:57:45
Deepak Roy,2025-04-08,17:23:10,18:23:10
Deepak Roy,2025-04-07,09:25:41,10:25:41
Deepak Roy,2025-04-06,07:49:17,08:49:17
Deepak Roy,2025-04-05,09:04:58,10:04:58
Deepak Roy,2025-04-04,09:27:05,10:27:05
Deepak Roy,2025-04-03,07:38:44,08:38:44
Tanya D’Souza,2025-04-09,17:33:42,18:33:42
Tanya D’Souza,2025-04-08,09:07:06,10:07:06
Tanya D’Souza,2025-04-07,09:24:42,10:24:42
Tanya D’Souza,2025-04-06,17:35:39,18:35:39
Tanya D’Souza,2025-04-05,07:50:06,08:50:06
Tanya D’Souza,2025-04-04,09:28:14,10:28:14
Tanya D’Souza,2025-04-03,17:40:10,18:40:10
Rohit Yadav,2025-04-09,07:25:55,08:25:55
Rohit Yadav,2025-04-08,09:20:51,10:20:51
Rohit Yadav,2025-04-07,17:40:39,18:40:39
Rohit Yadav,2025-04-06,09:01:51,10:01:51
Rohit Yadav,2025-04-05,17:09:09,18:09:09
Rohit Yadav,2025-04-04,09:01:10,10:01:10
Rohit Yadav,2025-04-03,17:51:21,18:51:21
Gaurav Verma,2025-04-09,09:00:01,10:00:01
Gaurav Verma,2025-04-08,09:46:03,10:46:03
Gaurav Verma,2025-04-07,09:37:57,10:37:57
Gaurav Verma,2025-04-06,17:45:20,18:45:20
Gaurav Verma,2025-04-05,07:18:07,08:18:07
Gaurav Verma,2025-04-04,17:39:17,18:39:17
Gaurav Verma,2025-04-03,07:45:13,08:45:13
Sana Sheikh,2025-04-09,07:57:19,08:57:19
Sana Sheikh,2025-04-08,07:34:49,08:34:49
Sana Sheikh,2025-04-07,09:48:58,10:48:58
Sana Sheikh,2025-04-06,09:31:53,10:31:53
Sana Sheikh,2025-04-05,07:57:11,08:57:11
Sana Sheikh,2025-04-04,09:39:25,10:39:25
Sana Sheikh,2025-04-03,17:43:06,18:43:06
Kunal Malhotra,2025-04-09,09:51:58,10:51:58
Kunal Malhotra,2025-04-08,09:02:18,10:02:18
Kunal Malhotra,2025-04-07,07:28:36,08:28:36
Kunal Malhotra,2025-04-06,07:25:21,08:25:21
Kunal Malhotra,2025-04-05,09:25:36,10:25:36
Kunal Malhotra,2025-04-04,17:01:28,18:01:28
Kunal Malhotra,2025-04-03,07:13:34,08:13:34
Sophia Evans,2025-04-09,17:38:56,18:38:56
Sophia Evans,2025-04-08,09:44:29,10:44:29
Sophia Evans,2025-04-07,09:07:38,10:07:38
Sophia Evans,2025-04-06,07:04:53,08:04:53
Sophia Evans,2025-04-05,17:11:23,18:11:23
Sophia Evans,2025-04-04,09:11:05,10:11:05
Sophia Evans,2025-04-03,17:56:56,18:56:56
Paul Adams,2025-04-09,07:13:33,08:13:33
Paul Adams,2025-04-08,17:27:24,18:27:24
Paul Adams,2025-04-07,07:33:22,08:33:22
Paul Adams,2025-04-06,17:59:40,18:59:40
Paul Adams,2025-04-05,17:50:06,18:50:06
Paul Adams,2025-04-04,07:03:50,08:03:50
Paul Adams,2025-04-03,09:35:27,10:35:27
Jane Smith,2025-04-09,09:28:04,10:28:04
Jane Smith,2025-04-08,17:38:37,18:38:37
Jane Smith,2025-04-07,07:08:39,08:08:39
Jane Smith,2025-04-06,17:34:19,18:34:19
Jane Smith,2025-04-05,09:55:20,10:55:20
Jane Smith,2025-04-04,07:16:13,08:16:13
Jane Smith,2025-04-03,07:02:24,08:02:24
Hank Martin,2025-04-09,09:49:46,10:49:46
Hank Martin,2025-04-08,07:29:50,08:29:50
Hank Martin,2025-04-07,07:52:36,08:52:36
Hank Martin,2025-04-06,17:53:39,18:53:39
Hank Martin,2025-04-05,07:08:22,08:08:22
Hank Martin,2025-04-04,09:53:22,10:53:22
Hank Martin,2025-04-03,07:25:51,08:25:51
Tom Green,2025-04-09,17:18:20,18:18:20
Tom Green,2025-04-08,09:49:41,10:49:41
Tom Green,2025-04-07,07:18:14,08:18:14
Tom Green,2025-04-06,07:19:27,08:19:27
Tom Green,2025-04-05,09:56:52,10:56:52
Tom Green,2025-04-04,07:21:33,08:21:33
Tom Green,2025-04-03,07:04:12,08:04:12
Quinn Baker,2025-04-09,09:26:10,10:26:10
Quinn Baker,2025-04-08,09:56:56,10:56:56
Quinn Baker,2025-04-07,17:41:26,18:41:26
Quinn Baker,2025-04-06,07:57:33,08:57:33
Quinn Baker,2025-04-05,17:08:19,18:08:19
Quinn Baker,2025-04-04,09:15:08,10:15:08
Quinn Baker,2025-04-03,17:21:25,18:21:25
Grace Lee,2025-04-09,17:31:21,18:31:21
Grace Lee,2025-04-08,09:48:29,10:48:29
Grace Lee,2025-04-07,07:56:20,08:56:20
Grace Lee,2025-04-06,07:54:59,08:54:59
Grace Lee,2025-04-05,09:14:54,10:14:54
Grace Lee,2025-04-04,17:53:42,18:53:42
Grace Lee,2025-04-03,17:54:21,18:54:21
Frank Wilson,2025-04-09,17:38:03,18:38:03
Frank Wilson,2025-04-08,07:27:42,08:27:42
Frank Wilson,2025-04-07,09:30:18,10:30:18
Frank Wilson,2025-04-06,17:22:10,18:22:10
Frank Wilson,2025-04-05,09:22:24,10:22:24
Frank Wilson,2025-04-04,09:55:02,10:55:02
Frank Wilson,2025-04-03,07:42:20,08:42:20
Tom Green,2025-04-09,09:33:56,10:33:56
Tom Green,2025-04-08,07:17:53,08:17:53
Tom Green,2025-04-07,17:12:11,18:12:11
Tom Green,2025-04-06,07:59:08,08:59:08
Tom Green,2025-04-05,09:58:04,10:58:04
Tom Green,2025-04-04,09:47:57,10:47:57
Tom Green,2025-04-03,09:36:49,10:36:49
Yara Nelson,2025-04-09,09:03:20,10:03:20
Yara Nelson,2025-04-08,09:36:26,10:36:26
Yara Nelson,2025-04-07,09:27:34,10:27:34
Yara Nelson,2025-04-06,09:44:09,10:44:09
Yara Nelson,2025-04-05,09:05:07,10:05:07
Yara Nelson,2025-04-04,09:00:28,10:00:28
Yara Nelson,2025-04-03,09:56:06,10:56:06
Quinn Baker,2025-04-09,17:51:47,18:51:47
Quinn Baker,2025-04-08,17:22:09,18:22:09
Quinn Baker,2025-04-07,09:03:18,10:03:18
Quinn Baker,2025-04-06,09:44:58,10:44:58
Quinn Baker,2025-04-05,09:23:19,10:23:19
Quinn Baker,2025-04-04,17:27:31,18:27:31
Quinn Baker,2025-04-03,07:33:06,08:33:06
Kara Walker,2025-04-09,07:05:14,08:05:14
Kara Walker,2025-04-08,07:21:15,08:21:15
Kara Walker,2025-04-07,09:31:55,10:31:55
Kara Walker,2025-04-06,09:24:11,10:24:11
Kara Walker,2025-04-05,17:59:15,18:59:15
Kara Walker,2025-04-04,17:55:43,18:55:43
Kara Walker,2025-04-03,09:38:33,10:38:33
Jane Smith,2025-04-09,17:13:36,18:13:36
Jane Smith,2025-04-08,09:07:17,10:07:17
Jane Smith,2025-04-07,17:35:39,18:35:39
Jane Smith,2025-04-06,09:05:16,10:05:16
Jane Smith,2025-04-05,07:22:25,08:22:25
Jane Smith,2025-04-04,07:05:07,08:05:07
Jane Smith,2025-04-03,09:11:49,10:11:49
Noah Allen,2025-04-09,07:50:51,08:50:51
Noah Allen,2025-04-08,07:26:02,08:26:02
Noah Allen,2025-04-07,09:36:29,10:36:29
Noah Allen,2025-04-06,17:52:46,18:52:46
Noah Allen,2025-04-05,09:57:17,10:57:17
Noah Allen,2025-04-04,17:31:27,18:31:27
Noah Allen,2025-04-03,09:02:48,10:02:48
Charlie Davis,2025-04-09,07:40:22,08:40:22
Charlie Davis,2025-04-08,07:18:20,08:18:20
Charlie Davis,2025-04-07,07:40:32,08:40:32
Charlie Davis,2025-04-06,07:24:43,08:24:43
Charlie Davis,2025-04-05,09:55:43,10:55:43
Charlie Davis,2025-04-04,17:22:08,18:22:08
Charlie Davis,2025-04-03,17:55:45,18:55:45
Sophia Evans,2025-04-09,17:43:58,18:43:58
Sophia Evans,2025-04-08,09:32:00,10:32:00
Sophia Evans,2025-04-07,07:13:55,08:13:55
Sophia Evans,2025-04-06,07:57:08,08:57:08
Sophia Evans,2025-04-05,09:28:22,10:28:22
Sophia Evans,2025-04-04,07:20:03,08:20:03
Sophia Evans,2025-04-03,09:42:33,10:42:33
Paul Adams,2025-04-09,07:53:00,08:53:00
Paul Adams,2025-04-08,07:45:00,08:45:00
Paul Adams,2025-04-07,09:26:26,10:26:26
Paul Adams,2025-04-06,07:47:35,08:47:35
Paul Adams,2025-04-05,09:21:59,10:21:59
Paul Adams,2025-04-04,07:34:57,08:34:57
Paul Adams,2025-04-03,09:25:32,10:25:32
Kara Walker,2025-04-09,17:55:31,18:55:31
Kara Walker,2025-04-08,17:49:27,18:49:27
Kara Walker,2025-04-07,09:03:55,10:03:55
Kara Walker,2025-04-06,09:12:49,10:12:49
Kara Walker,2025-04-05,07:42:25,08:42:25
Kara Walker,2025-04-04,17:27:40,18:27:40
Kara Walker,2025-04-03,07:54:22,08:54:22
Quinn Baker,2025-04-09,09:15:48,10:15:48
Quinn Baker,2025-04-08,07:34:03,08:34:03
Quinn Baker,2025-04-07,07:11:42,08:11:42
Quinn Baker,2025-04-06,07:56:48,08:56:48
Quinn Baker,2025-04-05,09:32:41,10:32:41
Quinn Baker,2025-04-04,17:35:27,18:35:27
Quinn Baker,2025-04-03,09:57:41,10:57:41
Kara Walker,2025-04-09,07:46:11,08:46:11
Kara Walker,2025-04-08,17:40:05,18:40:05
Kara Walker,2025-04-07,17:54:48,18:54:48
Kara Walker,2025-04-06,07:14:03,08:14:03
Kara Walker,2025-04-05,07:14:53,08:14:53
Kara Walker,2025-04-04,07:35:05,08:35:05
Kara Walker,2025-04-03,07:46:37,08:46:37
John Doe,2025-04-09,17:56:08,18:56:08
John Doe,2025-04-08,09:57:08,10:57:08
John Doe,2025-04-07,09:16:39,10:16:39
John Doe,2025-04-06,07:19:52,08:19:52
John Doe,2025-04-05,09:51:48,10:51:48
John Doe,2025-04-04,07:57:58,08:57:58
John Doe,2025-04-03,07:22:21,08:22:21
Xander Moore,2025-04-09,09:06:39,10:06:39
Xander Moore,2025-04-08,09:15:15,10:15:15
Xander Moore,2025-04-07,09:09:56,10:09:56
Xander Moore,2025-04-06,07:05:49,08:05:49
Xander Moore,2025-04-05,07:33:34,08:33:34
Xander Moore,2025-04-04,17:50:49,18:50:49
Xander Moore,2025-04-03,07:23:59,08:23:59
Noah Allen,2025-04-09,17:06:30,18:06:30
Noah Allen,2025-04-08,07:32:39,08:32:39
Noah Allen,2025-04-07,17:35:12,18:35:12
Noah Allen,2025-04-06,17:58:20,18:58:20
Noah Allen,2025-04-05,07:53:35,08:53:35
Noah Allen,2025-04-04,07:55:53,08:55:53
Noah Allen,2025-04-03,07:04:24,08:04:24
Wendy Lopez,2025-04-09,17:30:28,18:30:28
Wendy Lopez,2025-04-08,17:38:39,18:38:39
Wendy Lopez,2025-04-07,17:56:20,18:56:20
Wendy Lopez,2025-04-06,09:00:57,10:00:57
Wendy Lopez,2025-04-05,09:42:52,10:42:52
Wendy Lopez,2025-04-04,09:04:07,10:04:07
Wendy Lopez,2025-04-03,17:39:41,18:39:41
Ivy Clark,2025-04-09,07:05:22,08:05:22
Ivy Clark,2025-04-08,07:14:04,08:14:04
Ivy Clark,2025-04-07,07:02:54,08:02:54
Ivy Clark,2025-04-06,17:37:11,18:37:11
Ivy Clark,2025-04-05,09:23:25,10:23:25
Ivy Clark,2025-04-04,07:10:49,08:10:49
Ivy Clark,2025-04-03,07:16:14,08:16:14
Victor King,2025-04-09,17:18:00,18:18:00
Victor King,2025-04-08,07:16:33,08:16:33
Victor King,2025-04-07,07:28:51,08:28:51
Victor King,2025-04-06,09:05:29,10:05:29
Victor King,2025-04-05,09:42:01,10:42:01
Victor King,2025-04-04,09:48:48,10:48:48
Victor King,2025-04-03,07:43:21,08:43:21
John Doe,2025-04-09,17:04:23,18:04:23
John Doe,2025-04-08,17:53:08,18:53:08
John Doe,2025-04-07,07:53:43,08:53:43
John Doe,2025-04-06,07:32:00,08:32:00
John Doe,2025-04-05,07:13:10,08:13:10
John Doe,2025-04-04,17:25:23,18:25:23
John Doe,2025-04-03,09:59:47,10:59:47
Mia Hall,2025-04-09,07:15:14,08:15:14
Mia Hall,2025-04-08,07:53:06,08:53:06
Mia Hall,2025-04-07,09:51:55,10:51:55
Mia Hall,2025-04-06,17:27:27,18:27:27
Mia Hall,2025-04-05,09:47:08,10:47:08
Mia Hall,2025-04-04,09:02:05,10:02:05
Mia Hall,2025-04-03,17:55:05,18:55:05
Eve Miller,2025-04-09,09:14:41,10:14:41
Eve Miller,2025-04-08,17:08:33,18:08:33
Eve Miller,2025-04-07,09:38:20,10:38:20
Eve Miller,2025-04-06,09:44:04,10:44:04
Eve Miller,2025-04-05,09:43:04,10:43:04
Eve Miller,2025-04-04,07:15:04,08:15:04
Eve Miller,2025-04-03,07:25:35,08:25:35
Frank Wilson,2025-04-09,07:32:44,08:32:44
Frank Wilson,2025-04-08,09:59:41,10:59:41
Frank Wilson,2025-04-07,17:42:29,18:42:29
Frank Wilson,2025-04-06,09:02:30,10:02:30
Frank Wilson,2025-04-05,07:55:59,08:55:59
Frank Wilson,2025-04-04,07:30:36,08:30:36
Frank Wilson,2025-04-03,17:48:29,18:48:29
Wendy Lopez,2025-04-09,09:19:40,10:19:40
Wendy Lopez,2025-04-08,07:19:19,08:19:19
Wendy Lopez,2025-04-07,09:09:59,10:09:59
Wendy Lopez,2025-04-06,07:28:37,08:28:37
Wendy Lopez,2025-04-05,09:20:08,10:20:08
Wendy Lopez,2025-04-04,17:35:56,18:35:56
Wendy Lopez,2025-04-03,17:25:02,18:25:02
Olivia Scott,2025-04-09,17:50:28,18:50:28
Olivia Scott,2025-04-08,09:43:08,10:43:08
Olivia Scott,2025-04-07,07:01:16,08:01:16
Olivia Scott,2025-04-06,07:06:27,08:06:27
Olivia Scott,2025-04-05,17:53:38,18:53:38
Olivia Scott,2025-04-04,17:01:09,18:01:09
Olivia Scott,2025-04-03,07:37:40,08:37:40
Jane Smith,2025-04-09,09:22:03,10:22:03
Jane Smith,2025-04-08,09:32:25,10:32:25
Jane Smith,2025-04-07,09:58:36,10:58:36
Jane Smith,2025-04-06,09:49:41,10:49:41
Jane Smith,2025-04-05,07:13:13,08:13:13
Jane Smith,2025-04-04,09:46:27,10:46:27
Jane Smith,2025-04-03,09:52:14,10:52:14
Ivy Clark,2025-04-09,07:33:57,08:33:57
Ivy Clark,2025-04-08,17:03:12,18:03:12
Ivy Clark,2025-04-07,09:26:15,10:26:15
Ivy Clark,2025-04-06,07:52:12,08:52:12
Ivy Clark,2025-04-05,07:08:49,08:08:49
Ivy Clark,2025-04-04,17:36:40,18:36:40
Ivy Clark,2025-04-03,17:30:09,18:30:09
Paul Adams,2025-04-09,09:42:14,10:42:14
Paul Adams,2025-04-08,17:35:06,18:35:06
Paul Adams,2025-04-07,07:45:17,08:45:17
Paul Adams,2025-04-06,07:03:03,08:03:03
Paul Adams,2025-04-05,17:58:19,18:58:19
Paul Adams,2025-04-04,09:32:13,10:32:13
Paul Adams,2025-04-03,17:33:41,18:33:41
Sophia Evans,2025-04-09,17:18:35,18:18:35
Sophia Evans,2025-04-08,09:36:27,10:36:27
Sophia Evans,2025-04-07,17:14:42,18:14:42
Sophia Evans,2025-04-06,09:32:39,10:32:39
Sophia Evans,2025-04-05,17:37:24,18:37:24
Sophia Evans,2025-04-04,09:08:21,10:08:21
Sophia Evans,2025-04-03,09:30:49,10:30:49
Jane Smith,2025-04-09,09:20:58,10:20:58
Jane Smith,2025-04-08,07:19:26,08:19:26
Jane Smith,2025-04-07,07:15:26,08:15:26
Jane Smith,2025-04-06,07:49:44,08:49:44
Jane Smith,2025-04-05,07:58:37,08:58:37
Jane Smith,2025-04-04,17:52:54,18:52:54
Jane Smith,2025-04-03,17:11:08,18:11:08
Quinn Baker,2025-04-09,09:22:05,10:22:05
Quinn Baker,2025-04-08,17:38:13,18:38:13
Quinn Baker,2025-04-07,17:19:55,18:19:55
Quinn Baker,2025-04-06,09:26:30,10:26:30
Quinn Baker,2025-04-05,09:06:39,10:06:39
Quinn Baker,2025-04-04,17:33:10,18:33:10
Quinn Baker,2025-04-03,17:14:49,18:14:49
Hank Martin,2025-04-09,09:47:04,10:47:04
Hank Martin,2025-04-08,17:59:22,18:59:22
Hank Martin,2025-04-07,17:42:12,18:42:12
Hank Martin,2025-04-06,17:18:51,18:18:51
Hank Martin,2025-04-05,17:56:46,18:56:46
Hank Martin,2025-04-04,07:09:11,08:09:11
Hank Martin,2025-04-03,17:42:12,18:42:12
Frank Wilson,2025-04-09,17:04:52,18:04:52
Frank Wilson,2025-04-08,09:51:11,10:51:11
Frank Wilson,2025-04-07,07:44:02,08:44:02
Frank Wilson,2025-04-06,17:36:37,18:36:37
Frank Wilson,2025-04-05,07:08:28,08:08:28
Frank Wilson,2025-04-04,17:08:36,18:08:36
Frank Wilson,2025-04-03,07:36:24,08:36:24
Olivia Scott,2025-04-09,07:03:10,08:03:10
Olivia Scott,2025-04-08,17:58:17,18:58:17
Olivia Scott,2025-04-07,17:07:09,18:07:09
Olivia Scott,2025-04-06,17:43:50,18:43:50
Olivia Scott,2025-04-05,17:53:45,18:53:45
Olivia Scott,2025-04-04,09:53:10,10:53:10
Olivia Scott,2025-04-03,07:32:24,08:32:24
Grace Lee,2025-04-09,07:38:17,08:38:17
Grace Lee,2025-04-08,17:42:42,18:42:42
Grace Lee,2025-04-07,09:54:22,10:54:22
Grace Lee,2025-04-06,09:17:27,10:17:27
Grace Lee,2025-04-05,09:11:50,10:11:50
Grace Lee,2025-04-04,09:19:14,10:19:14
Grace Lee,2025-04-03,09:16:20,10:16:20
Ivy Clark,2025-04-09,17:12:27,18:12:27
Ivy Clark,2025-04-08,17:21:47,18:21:47
Ivy Clark,2025-04-07,09:33:28,10:33:28
Ivy Clark,2025-04-06,09:06:03,10:06:03
Ivy Clark,2025-04-05,07:39:17,08:39:17
Ivy Clark,2025-04-04,07:32:29,08:32:29
Ivy Clark,2025-04-03,07:37:55,08:37:55
Wendy Lopez,2025-04-09,09:51:09,10:51:09
Wendy Lopez,2025-04-08,09:36:22,10:36:22
Wendy Lopez,2025-04-07,09:29:18,10:29:18
Wendy Lopez,2025-04-06,07:58:42,08:58:42
Wendy Lopez,2025-04-05,07:33:29,08:33:29
Wendy Lopez,2025-04-04,17:06:32,18:06:32
Wendy Lopez,2025-04-03,09:50:11,10:50:11
Noah Allen,2025-04-09,09:04:05,10:04:05
Noah Allen,2025-04-08,07:41:09,08:41:09
Noah Allen,2025-04-07,09:59:33,10:59:33
Noah Allen,2025-04-06,17:18:17,18:18:17
Noah Allen,2025-04-05,09:23:40,10:23:40
Noah Allen,2025-04-04,17:20:44,18:20:44
Noah Allen,2025-04-03,09:08:27,10:08:27
Grace Lee,2025-04-09,17:50:18,18:50:18
Grace Lee,2025-04-08,17:29:26,18:29:26
Grace Lee,2025-04-07,09:09:52,10:09:52
Grace Lee,2025-04-06,17:00:44,18:00:44
Grace Lee,2025-04-05,07:36:21,08:36:21
Grace Lee,2025-04-04,17:52:51,18:52:51
Grace Lee,2025-04-03,09:42:00,10:42:00
Uma Harris,2025-04-09,07:50:13,08:50:13
Uma Harris,2025-04-08,17:29:06,18:29:06
Uma Harris,2025-04-07,09:07:57,10:07:57
Uma Harris,2025-04-06,07:58:56,08:58:56
Uma Harris,2025-04-05,07:59:32,08:59:32
Uma Harris,2025-04-04,09:59:13,10:59:13
Uma Harris,2025-04-03,17:32:14,18:32:14
Sophia Evans,2025-04-09,07:41:56,08:41:56
Sophia Evans,2025-04-08,17:32:02,18:32:02
Sophia Evans,2025-04-07,07:17:32,08:17:32
Sophia Evans,2025-04-06,07:43:05,08:43:05
Sophia Evans,2025-04-05,09:18:36,10:18:36
Sophia Evans,2025-04-04,09:19:57,10:19:57
Sophia Evans,2025-04-03,09:49:15,10:49:15
Frank Wilson,2025-04-09,17:06:50,18:06:50
Frank Wilson,2025-04-08,07:07:19,08:07:19
Frank Wilson,2025-04-07,07:27:05,08:27:05
Frank Wilson,2025-04-06,07:59:00,08:59:00
Frank Wilson,2025-04-05,17:20:45,18:20:45
Frank Wilson,2025-04-04,17:04:17,18:04:17
Frank Wilson,2025-04-03,09:51:16,10:51:16
Mia Hall,2025-04-09,17:10:59,18:10:59
Mia Hall,2025-04-08,07:40:50,08:40:50
Mia Hall,2025-04-07,17:13:29,18:13:29
Mia Hall,2025-04-06,09:08:56,10:08:56
Mia Hall,2025-04-05,07:46:32,08:46:32
Mia Hall,2025-04-04,17:07:36,18:07:36
Mia Hall,2025-04-03,07:07:59,08:07:59
Eve Miller,2025-04-09,07:14:33,08:14:33
Eve Miller,2025-04-08,17:57:00,18:57:00
Eve Miller,2025-04-07,07:09:56,08:09:56
Eve Miller,2025-04-06,09:03:56,10:03:56
Eve Miller,2025-04-05,07:55:26,08:55:26
Eve Miller,2025-04-04,07:46:32,08:46:32
Eve Miller,2025-04-03,17:42:28,18:42:28
Bob Brown,2025-04-09,09:59:53,10:59:53
Bob Brown,2025-04-08,09:19:13,10:19:13
Bob Brown,2025-04-07,17:19:08,18:19:08
Bob Brown,2025-04-06,07:12:34,08:12:34
Bob Brown,2025-04-05,07:45:29,08:45:29
Bob Brown,2025-04-04,17:53:04,18:53:04
Bob Brown,2025-04-03,09:20:01,10:20:01
Uma Harris,2025-04-09,07:49:56,08:49:56
Uma Harris,2025-04-08,09:13:16,10:13:16
Uma Harris,2025-04-07,17:40:16,18:40:16
Uma Harris,2025-04-06,09:41:39,10:41:39
Uma Harris,2025-04-05,07:38:33,08:38:33
Uma Harris,2025-04-04,09:50:25,10:50:25
Uma Harris,2025-04-03,07:15:17,08:15:17
Ivy Clark,2025-04-09,07:58:11,08:58:11
Ivy Clark,2025-04-08,17:34:07,18:34:07
Ivy Clark,2025-04-07,07:59:30,08:59:30
Ivy Clark,2025-04-06,17:44:52,18:44:52
Ivy Clark,2025-04-05,17:39:36,18:39:36
Ivy Clark,2025-04-04,09:38:07,10:38:07
Ivy Clark,2025-04-03,17:43:44,18:43:44
Wendy Lopez,2025-04-09,17:29:37,18:29:37
Wendy Lopez,2025-04-08,09:58:56,10:58:56
Wendy Lopez,2025-04-07,07:08:57,08:08:57
Wendy Lopez,2025-04-06,17:13:57,18:13:57
Wendy Lopez,2025-04-05,17:41:15,18:41:15
Wendy Lopez,2025-04-04,09:18:20,10:18:20
Wendy Lopez,2025-04-03,17:42:21,18:42:21
Tom Green,2025-04-09,17:02:42,18:02:42
Tom Green,2025-04-08,17:56:23,18:56:23
Tom Green,2025-04-07,07:04:39,08:04:39
Tom Green,2025-04-06,07:13:00,08:13:00
Tom Green,2025-04-05,07:17:19,08:17:19
Tom Green,2025-04-04,09:12:41,10:12:41
Tom Green,2025-04-03,09:22:06,10:22:06
Ryan Campbell,2025-04-09,07:05:36,08:05:36
Ryan Campbell,2025-04-08,09:34:35,10:34:35
Ryan Campbell,2025-04-07,09:08:37,10:08:37
Ryan Campbell,2025-04-06,09:22:35,10:22:35
Ryan Campbell,2025-04-05,09:49:30,10:49:30
Ryan Campbell,2025-04-04,17:53:18,18:53:18
Ryan Campbell,2025-04-03,17:13:43,18:13:43
Charlie Davis,2025-04-09,07:07:58,08:07:58
Charlie Davis,2025-04-08,09:37:56,10:37:56
Charlie Davis,2025-04-07,09:37:53,10:37:53
Charlie Davis,2025-04-06,17:09:05,18:09:05
Charlie Davis,2025-04-05,17:56:28,18:56:28
Charlie Davis,2025-04-04,09:16:34,10:16:34
Charlie Davis,2025-04-03,17:58:19,18:58:19
Mia Hall,2025-04-09,09:22:04,10:22:04
Mia Hall,2025-04-08,09:40:21,10:40:21
Mia Hall,2025-04-07,07:49:18,08:49:18
Mia Hall,2025-04-06,17:59:18,18:59:18
Mia Hall,2025-04-05,17:33:12,18:33:12
Mia Hall,2025-04-04,09:13:58,10:13:58
Mia Hall,2025-04-03,09:00:53,10:00:53
